Workbook

Sheet Dashboard
B2: Phase-space Engineering Dashboard | J2: SELECTED CASE | N2: RECORDED RUNS
B3: Engineering measurements | J3: ='Data & Targets'!$C$9 -> rhythmic-channels-trace | N3: 36
B4: Build 3745369692fd; 36/36 runs. Tiles show the selected case; worst across all runs: frame p95 10.43 ms, age p95 40.97 ms. Dirty runs are non-quotable.
B5: FRAME P95 · MS | F5: AGE P95 · MS | J5: LIVE DISPLAY | N5: WITHIN 20 MS
B6: =IF('_Chart Helpers'!B2="","Not measured",'_Chart Helpers'!B2) -> 10.091425 | F6: =IF('_Chart Helpers'!B3="","Not measured",'_Chart Helpers'!B3) -> 40.70787 | J6: =IF('_Chart Helpers'!B4="","Not measured",'_Chart Helpers'!B4) -> 1 | N6: =IF('_Chart Helpers'!B5="","Not measured",'_Chart Helpers'!B5) -> 0.99916306
B8: 3 repeats | D8: 20 | E8: limit | F8: 3 repeats | H8: 100 | I8: limit | J8: 3 repeats | L8: 1 | M8: reference | N8: 3 repeats | P8: 0.95 | Q8: reference
B10: MEDIAN FPS | F10: ACCEPTED SAMPLES | J10: CLIPPED FRACTION | N10: SKIPPED NOTIFICATIONS
B11: =IF('_Chart Helpers'!B6="","Not measured",'_Chart Helpers'!B6) -> 119.60855 | F11: =IF('_Chart Helpers'!B7="","Not measured",'_Chart Helpers'!B7) -> 46056 | J11: =IF('_Chart Helpers'!B8="","Not measured",'_Chart Helpers'!B8) -> 0 | N11: =IF('_Chart Helpers'!B9="","Not measured",'_Chart Helpers'!B9) -> 0
B13: 3 repeats | D13: 60 | E13: reference | F13: 3 repeats | J13: 3 repeats | N13: 3 repeats
B15: FRAME P95 — WORST RUN VS TARGET | J15: AGE P95 — WORST RUN VS TARGET
B29: FRAME INTERVAL DISTRIBUTION — ALL RECORDED FRAMES | J29: CASE VERDICTS — FIXED THREE-RUN RULE
B43: MEASURED ENGINEERING RESULTS — NO COGNITIVE INFERENCE
B44: Metric | C44: Direction | D44: Observed | E44: Reference | F44: Difference | G44: Difference % | H44: Reference status
B45: =IF('_Chart Helpers'!A2="","",'_Chart Helpers'!A2) | C45: =IF('_Chart Helpers'!E2="","",'_Chart Helpers'!E2) | D45: =IF('_Chart Helpers'!B2="","",'_Chart Helpers'!B2) | E45: =IF('_Chart Helpers'!C2="","",'_Chart Helpers'!C2) | F45: =IF(OR(D45="",E45=""),"",D45-E45) | G45: =IF(OR(D45="",E45=""),"",IFERROR(D45/E45-1,"")) | H45: =IF('_Chart Helpers'!F2="","",'_Chart Helpers'!F2) | J45: Three p95 values per case; min/median/max are in the report. No pooled percentile. Historical logs supply text and scores only.
B46: =IF('_Chart Helpers'!A3="","",'_Chart Helpers'!A3) | C46: =IF('_Chart Helpers'!E3="","",'_Chart Helpers'!E3) | D46: =IF('_Chart Helpers'!B3="","",'_Chart Helpers'!B3) | E46: =IF('_Chart Helpers'!C3="","",'_Chart Helpers'!C3) | F46: =IF(OR(D46="",E46=""),"",D46-E46) | G46: =IF(OR(D46="",E46=""),"",IFERROR(D46/E46-1,"")) | H46: =IF('_Chart Helpers'!F3="","",'_Chart Helpers'!F3)
B47: =IF('_Chart Helpers'!A4="","",'_Chart Helpers'!A4) | C47: =IF('_Chart Helpers'!E4="","",'_Chart Helpers'!E4) | D47: =IF('_Chart Helpers'!B4="","",'_Chart Helpers'!B4) | E47: =IF('_Chart Helpers'!C4="","",'_Chart Helpers'!C4) | F47: =IF(OR(D47="",E47=""),"",D47-E47) | G47: =IF(OR(D47="",E47=""),"",IFERROR(D47/E47-1,"")) | H47: =IF('_Chart Helpers'!F4="","",'_Chart Helpers'!F4)
B48: =IF('_Chart Helpers'!A5="","",'_Chart Helpers'!A5) | C48: =IF('_Chart Helpers'!E5="","",'_Chart Helpers'!E5) | D48: =IF('_Chart Helpers'!B5="","",'_Chart Helpers'!B5) | E48: =IF('_Chart Helpers'!C5="","",'_Chart Helpers'!C5) | F48: =IF(OR(D48="",E48=""),"",D48-E48) | G48: =IF(OR(D48="",E48=""),"",IFERROR(D48/E48-1,"")) | H48: =IF('_Chart Helpers'!F5="","",'_Chart Helpers'!F5)
B49: =IF('_Chart Helpers'!A6="","",'_Chart Helpers'!A6) | C49: =IF('_Chart Helpers'!E6="","",'_Chart Helpers'!E6) | D49: =IF('_Chart Helpers'!B6="","",'_Chart Helpers'!B6) | E49: =IF('_Chart Helpers'!C6="","",'_Chart Helpers'!C6) | F49: =IF(OR(D49="",E49=""),"",D49-E49) | G49: =IF(OR(D49="",E49=""),"",IFERROR(D49/E49-1,"")) | H49: =IF('_Chart Helpers'!F6="","",'_Chart Helpers'!F6)
B50: =IF('_Chart Helpers'!A7="","",'_Chart Helpers'!A7) | C50: =IF('_Chart Helpers'!E7="","",'_Chart Helpers'!E7) | D50: =IF('_Chart Helpers'!B7="","",'_Chart Helpers'!B7) | E50: =IF('_Chart Helpers'!C7="","",'_Chart Helpers'!C7) | F50: =IF(OR(D50="",E50=""),"",D50-E50) | G50: =IF(OR(D50="",E50=""),"",IFERROR(D50/E50-1,"")) | H50: =IF('_Chart Helpers'!F7="","",'_Chart Helpers'!F7) | J50: Targets apply only to this recorded hardware and build. Unresolved cases remain unresolved; follow-up requires a new protocol.
B51: =IF('_Chart Helpers'!A8="","",'_Chart Helpers'!A8) | C51: =IF('_Chart Helpers'!E8="","",'_Chart Helpers'!E8) | D51: =IF('_Chart Helpers'!B8="","",'_Chart Helpers'!B8) | E51: =IF('_Chart Helpers'!C8="","",'_Chart Helpers'!C8) | F51: =IF(OR(D51="",E51=""),"",D51-E51) | G51: =IF(OR(D51="",E51=""),"",IFERROR(D51/E51-1,"")) | H51: =IF('_Chart Helpers'!F8="","",'_Chart Helpers'!F8)
B52: =IF('_Chart Helpers'!A9="","",'_Chart Helpers'!A9) | C52: =IF('_Chart Helpers'!E9="","",'_Chart Helpers'!E9) | D52: =IF('_Chart Helpers'!B9="","",'_Chart Helpers'!B9) | E52: =IF('_Chart Helpers'!C9="","",'_Chart Helpers'!C9) | F52: =IF(OR(D52="",E52=""),"",D52-E52) | G52: =IF(OR(D52="",E52=""),"",IFERROR(D52/E52-1,"")) | H52: =IF('_Chart Helpers'!F9="","",'_Chart Helpers'!F9)

Sheet Data & Targets
B2: Phase-space Engineering Dashboard
B3: Fixed engineering comparison
B5: METHOD AND PROVENANCE
B6: Dashboard p95 values are the worst of three run-level p95s. Runs holds every measured repetition. No extra or replacement runs.
B7: Select a case in C9. A case needs three quotable runs: 3/3 accepted; 0/3 targets not met; mixed or incomplete unresolved.
B9: Selected Case | C9: rhythmic-channels-trace
B10: Recorded Runs | C10: 36
B11: Source | C11: Build 3745369692fd; 36/36 runs. Tiles show the selected case; worst across all runs: frame p95 10.43 ms, age p95 40.97 ms. Dirty runs are non-quotable.
B13: CASE SUMMARY — THREE FIXED REPEATS; NO POOLED P95
B15: Case | C15: Frame p95 ms | D15: Age p95 ms | E15: Live fraction | F15: Within 20ms | G15: Median FPS | H15: Accepted samples | I15: Clipped fraction | J15: Frame target | K15: Age target | L15: Live reference | M15: Budget reference | N15: FPS reference | O15: Samples reference | P15: Clip reference
B16: rhythmic-channels-trace | C16: 10.091425 | D16: 40.70787 | E16: 1 | F16: 0.99916306 | G16: 119.60855 | H16: 46056 | I16: 0 | J16: 20 | K16: 100 | L16: 1 | M16: 0.95 | N16: 60
B17: rhythmic-channels-full | C17: 10.0309 | D17: 40.643841 | E17: 1 | F17: 0.99902316 | G17: 119.50044 | H17: 46080 | I17: 0 | J17: 20 | K17: 100 | L17: 1 | M17: 0.95 | N17: 60
B18: rhythmic-delay-trace | C18: 9.326941 | D18: 40.464389 | E18: 1 | F18: 0.99916376 | G18: 119.62891 | H18: 46072 | I18: 0 | J18: 20 | K18: 100 | L18: 1 | M18: 0.95 | N18: 60
B19: rhythmic-delay-full | C19: 9.63224 | D19: 40.665824 | E19: 1 | F19: 0.99888393 | G19: 119.47704 | H19: 46072 | I19: 0 | J19: 20 | K19: 100 | L19: 1 | M19: 0.95 | N19: 60
B20: noise-channels-trace | C20: 9.858534 | D20: 40.61235 | E20: 1 | F20: 0.99902398 | G20: 119.60256 | H20: 46080 | I20: 0 | J20: 20 | K20: 100 | L20: 1 | M20: 0.95 | N20: 60
B21: noise-channels-full | C21: 9.897959 | D21: 40.816473 | E21: 1 | F21: 0.99846369 | G21: 119.35746 | H21: 46064 | I21: 0 | J21: 20 | K21: 100 | L21: 1 | M21: 0.95 | N21: 60
B22: noise-delay-trace | C22: 10.434391 | D22: 40.973307 | E22: 1 | F22: 0.9980436 | G22: 119.48408 | H22: 46080 | I22: 0 | J22: 20 | K22: 100 | L22: 1 | M22: 0.95 | N22: 60
B23: noise-delay-full | C23: 9.379868 | D23: 40.665733 | E23: 1 | F23: 0.99916271 | G23: 119.66641 | H23: 46080 | I23: 0 | J23: 20 | K23: 100 | L23: 1 | M23: 0.95 | N23: 60
B24: impulse-channels-trace | C24: 9.511492 | D24: 40.557292 | E24: 1 | F24: 0.99846326 | G24: 119.58506 | H24: 46072 | I24: 0.046875 | J24: 20 | K24: 100 | L24: 1 | M24: 0.95 | N24: 60
B25: impulse-channels-full | C25: 9.613575 | D25: 40.729319 | E25: 1 | F25: 0.99902303 | G25: 119.61213 | H25: 46064 | I25: 0.046875 | J25: 20 | K25: 100 | L25: 1 | M25: 0.95 | N25: 60
B26: impulse-delay-trace | C26: 9.81065 | D26: 40.521056 | E26: 1 | F26: 0.99916236 | G26: 119.4227 | H26: 46064 | I26: 0.046881038 | J26: 20 | K26: 100 | L26: 1 | M26: 0.95 | N26: 60
B27: impulse-delay-full | C27: 9.65344 | D27: 40.643692 | E27: 1 | F27: 0.99761905 | G27: 119.47808 | H27: 46080 | I27: 0.046871316 | J27: 20 | K27: 100 | L27: 1 | M27: 0.95 | N27: 60
B29: RECORDED PROTOCOL | G29: EVIDENCE BOUNDARY
B30: 3 fixed repeats per case | G30: No cognition or efficacy claim
B31: Mixed results remain unresolved | G31: Frame timing is submission cadence
B32: No extra or replacement runs | G32: Age begins at viewer receipt
B33: Only clean release builds are quotable | G33: Source templates remain unchanged

Sheet _Chart Helpers
A2: Frame p95 ms | B2: =IF(COUNT(INDEX('Data & Targets'!$C$16:$C$27,MATCH('Data & Targets'!$C$9,'Data & Targets'!$B$16:$B$27,0)))=0,"",INDEX('Data & Targets'!$C$16:$C$27,MATCH('Data & Targets'!$C$9,'Data & Targets'!$B$16:$B$27,0))) -> 10.091425 | C2: =IF(COUNT(INDEX('Data & Targets'!$J$16:$J$27,MATCH('Data & Targets'!$C$9,'Data & Targets'!$B$16:$B$27,0)))=0,"",INDEX('Data & Targets'!$J$16:$J$27,MATCH('Data & Targets'!$C$9,'Data & Targets'!$B$16:$B$27,0))) -> 20 | E2: Lower | F2: =IF(B2="","Not measured",IF(C2="","Observed",IF(IF(E2="Lower",B2<=C2,B2>=C2),"Within reference","Outside reference"))) -> Observed | H2: ='Data & Targets'!B16 -> rhythmic-channels-trace | I2: =IF(COUNT('Data & Targets'!C16)=0,NA(),'Data & Targets'!C16) | J2: =IF(COUNT('Data & Targets'!J16)=0,NA(),'Data & Targets'!J16) | L2: ='Data & Targets'!B16 -> rhythmic-channels-trace | M2: =IF(COUNT('Data & Targets'!D16)=0,NA(),'Data & Targets'!D16) | N2: =IF(COUNT('Data & Targets'!K16)=0,NA(),'Data & Targets'!K16) | P2: <10 ms | Q2: 250923 | S2: accepted | T2: 12
A3: Age p95 ms | B3: =IF(COUNT(INDEX('Data & Targets'!$D$16:$D$27,MATCH('Data & Targets'!$C$9,'Data & Targets'!$B$16:$B$27,0)))=0,"",INDEX('Data & Targets'!$D$16:$D$27,MATCH('Data & Targets'!$C$9,'Data & Targets'!$B$16:$B$27,0))) -> 40.70787 | C3: =IF(COUNT(INDEX('Data & Targets'!$K$16:$K$27,MATCH('Data & Targets'!$C$9,'Data & Targets'!$B$16:$B$27,0)))=0,"",INDEX('Data & Targets'!$K$16:$K$27,MATCH('Data & Targets'!$C$9,'Data & Targets'!$B$16:$B$27,0))) -> 100 | E3: Lower | F3: =IF(B3="","Not measured",IF(C3="","Observed",IF(IF(E3="Lower",B3<=C3,B3>=C3),"Within reference","Outside reference"))) -> Observed | H3: ='Data & Targets'!B17 -> rhythmic-channels-full | I3: =IF(COUNT('Data & Targets'!C17)=0,NA(),'Data & Targets'!C17) | J3: =IF(COUNT('Data & Targets'!J17)=0,NA(),'Data & Targets'!J17) | L3: ='Data & Targets'!B17 -> rhythmic-channels-full | M3: =IF(COUNT('Data & Targets'!D17)=0,NA(),'Data & Targets'!D17) | N3: =IF(COUNT('Data & Targets'!K17)=0,NA(),'Data & Targets'!K17) | P3: 10–20 ms | Q3: 6960 | S3: targets not met | T3: 0
A4: Live fraction | B4: =IF(COUNT(INDEX('Data & Targets'!$E$16:$E$27,MATCH('Data & Targets'!$C$9,'Data & Targets'!$B$16:$B$27,0)))=0,"",INDEX('Data & Targets'!$E$16:$E$27,MATCH('Data & Targets'!$C$9,'Data & Targets'!$B$16:$B$27,0))) -> 1 | C4: =IF(COUNT(INDEX('Data & Targets'!$L$16:$L$27,MATCH('Data & Targets'!$C$9,'Data & Targets'!$B$16:$B$27,0)))=0,"",INDEX('Data & Targets'!$L$16:$L$27,MATCH('Data & Targets'!$C$9,'Data & Targets'!$B$16:$B$27,0))) -> 1 | E4: Higher | F4: =IF(B4="","Not measured",IF(C4="","Observed",IF(IF(E4="Lower",B4<=C4,B4>=C4),"Within reference","Outside reference"))) -> Observed | H4: ='Data & Targets'!B18 -> rhythmic-delay-trace | I4: =IF(COUNT('Data & Targets'!C18)=0,NA(),'Data & Targets'!C18) | J4: =IF(COUNT('Data & Targets'!J18)=0,NA(),'Data & Targets'!J18) | L4: ='Data & Targets'!B18 -> rhythmic-delay-trace | M4: =IF(COUNT('Data & Targets'!D18)=0,NA(),'Data & Targets'!D18) | N4: =IF(COUNT('Data & Targets'!K18)=0,NA(),'Data & Targets'!K18) | P4: 20–30 ms | Q4: 60 | S4: unresolved | T4: 0
A5: Within 20ms | B5: =IF(COUNT(INDEX('Data & Targets'!$F$16:$F$27,MATCH('Data & Targets'!$C$9,'Data & Targets'!$B$16:$B$27,0)))=0,"",INDEX('Data & Targets'!$F$16:$F$27,MATCH('Data & Targets'!$C$9,'Data & Targets'!$B$16:$B$27,0))) -> 0.99916306 | C5: =IF(COUNT(INDEX('Data & Targets'!$M$16:$M$27,MATCH('Data & Targets'!$C$9,'Data & Targets'!$B$16:$B$27,0)))=0,"",INDEX('Data & Targets'!$M$16:$M$27,MATCH('Data & Targets'!$C$9,'Data & Targets'!$B$16:$B$27,0))) -> 0.95 | E5: Higher | F5: =IF(B5="","Not measured",IF(C5="","Observed",IF(IF(E5="Lower",B5<=C5,B5>=C5),"Within reference","Outside reference"))) -> Observed | H5: ='Data & Targets'!B19 -> rhythmic-delay-full | I5: =IF(COUNT('Data & Targets'!C19)=0,NA(),'Data & Targets'!C19) | J5: =IF(COUNT('Data & Targets'!J19)=0,NA(),'Data & Targets'!J19) | L5: ='Data & Targets'!B19 -> rhythmic-delay-full | M5: =IF(COUNT('Data & Targets'!D19)=0,NA(),'Data & Targets'!D19) | N5: =IF(COUNT('Data & Targets'!K19)=0,NA(),'Data & Targets'!K19) | P5: 30–50 ms | Q5: 189 | S5: not measured | T5: 0
A6: Median FPS | B6: =IF(COUNT(INDEX('Data & Targets'!$G$16:$G$27,MATCH('Data & Targets'!$C$9,'Data & Targets'!$B$16:$B$27,0)))=0,"",INDEX('Data & Targets'!$G$16:$G$27,MATCH('Data & Targets'!$C$9,'Data & Targets'!$B$16:$B$27,0))) -> 119.60855 | C6: =IF(COUNT(INDEX('Data & Targets'!$N$16:$N$27,MATCH('Data & Targets'!$C$9,'Data & Targets'!$B$16:$B$27,0)))=0,"",INDEX('Data & Targets'!$N$16:$N$27,MATCH('Data & Targets'!$C$9,'Data & Targets'!$B$16:$B$27,0))) -> 60 | E6: Higher | F6: =IF(B6="","Not measured",IF(C6="","Observed",IF(IF(E6="Lower",B6<=C6,B6>=C6),"Within reference","Outside reference"))) -> Observed | H6: ='Data & Targets'!B20 -> noise-channels-trace | I6: =IF(COUNT('Data & Targets'!C20)=0,NA(),'Data & Targets'!C20) | J6: =IF(COUNT('Data & Targets'!J20)=0,NA(),'Data & Targets'!J20) | L6: ='Data & Targets'!B20 -> noise-channels-trace | M6: =IF(COUNT('Data & Targets'!D20)=0,NA(),'Data & Targets'!D20) | N6: =IF(COUNT('Data & Targets'!K20)=0,NA(),'Data & Targets'!K20) | P6: ≥50 ms | Q6: 2
A7: Accepted samples | B7: =IF(COUNT(INDEX('Data & Targets'!$H$16:$H$27,MATCH('Data & Targets'!$C$9,'Data & Targets'!$B$16:$B$27,0)))=0,"",INDEX('Data & Targets'!$H$16:$H$27,MATCH('Data & Targets'!$C$9,'Data & Targets'!$B$16:$B$27,0))) -> 46056 | C7: =IF(COUNT(INDEX('Data & Targets'!$O$16:$O$27,MATCH('Data & Targets'!$C$9,'Data & Targets'!$B$16:$B$27,0)))=0,"",INDEX('Data & Targets'!$O$16:$O$27,MATCH('Data & Targets'!$C$9,'Data & Targets'!$B$16:$B$27,0))) | E7: Higher | F7: =IF(B7="","Not measured",IF(C7="","Observed",IF(IF(E7="Lower",B7<=C7,B7>=C7),"Within reference","Outside reference"))) -> Observed | H7: ='Data & Targets'!B21 -> noise-channels-full | I7: =IF(COUNT('Data & Targets'!C21)=0,NA(),'Data & Targets'!C21) | J7: =IF(COUNT('Data & Targets'!J21)=0,NA(),'Data & Targets'!J21) | L7: ='Data & Targets'!B21 -> noise-channels-full | M7: =IF(COUNT('Data & Targets'!D21)=0,NA(),'Data & Targets'!D21) | N7: =IF(COUNT('Data & Targets'!K21)=0,NA(),'Data & Targets'!K21)
A8: Clipped fraction | B8: =IF(COUNT(INDEX('Data & Targets'!$I$16:$I$27,MATCH('Data & Targets'!$C$9,'Data & Targets'!$B$16:$B$27,0)))=0,"",INDEX('Data & Targets'!$I$16:$I$27,MATCH('Data & Targets'!$C$9,'Data & Targets'!$B$16:$B$27,0))) -> 0 | C8: =IF(COUNT(INDEX('Data & Targets'!$P$16:$P$27,MATCH('Data & Targets'!$C$9,'Data & Targets'!$B$16:$B$27,0)))=0,"",INDEX('Data & Targets'!$P$16:$P$27,MATCH('Data & Targets'!$C$9,'Data & Targets'!$B$16:$B$27,0))) | E8: Lower | F8: =IF(B8="","Not measured",IF(C8="","Observed",IF(IF(E8="Lower",B8<=C8,B8>=C8),"Within reference","Outside reference"))) -> Observed | H8: ='Data & Targets'!B22 -> noise-delay-trace | I8: =IF(COUNT('Data & Targets'!C22)=0,NA(),'Data & Targets'!C22) | J8: =IF(COUNT('Data & Targets'!J22)=0,NA(),'Data & Targets'!J22) | L8: ='Data & Targets'!B22 -> noise-delay-trace | M8: =IF(COUNT('Data & Targets'!D22)=0,NA(),'Data & Targets'!D22) | N8: =IF(COUNT('Data & Targets'!K22)=0,NA(),'Data & Targets'!K22)
A9: Skipped notifications | B9: =IF(COUNTIF(Runs!$A$2:$A$37,'Data & Targets'!$C$9)=0,"",SUMIF(Runs!$A$2:$A$37,'Data & Targets'!$C$9,Runs!$O$2:$O$37)) -> 0 | E9: Lower | F9: =IF(B9="","Not measured",IF(C9="","Observed",IF(IF(E9="Lower",B9<=C9,B9>=C9),"Within reference","Outside reference"))) -> Observed | H9: ='Data & Targets'!B23 -> noise-delay-full | I9: =IF(COUNT('Data & Targets'!C23)=0,NA(),'Data & Targets'!C23) | J9: =IF(COUNT('Data & Targets'!J23)=0,NA(),'Data & Targets'!J23) | L9: ='Data & Targets'!B23 -> noise-delay-full | M9: =IF(COUNT('Data & Targets'!D23)=0,NA(),'Data & Targets'!D23) | N9: =IF(COUNT('Data & Targets'!K23)=0,NA(),'Data & Targets'!K23)
H10: ='Data & Targets'!B24 -> impulse-channels-trace | I10: =IF(COUNT('Data & Targets'!C24)=0,NA(),'Data & Targets'!C24) | J10: =IF(COUNT('Data & Targets'!J24)=0,NA(),'Data & Targets'!J24) | L10: ='Data & Targets'!B24 -> impulse-channels-trace | M10: =IF(COUNT('Data & Targets'!D24)=0,NA(),'Data & Targets'!D24) | N10: =IF(COUNT('Data & Targets'!K24)=0,NA(),'Data & Targets'!K24)
H11: ='Data & Targets'!B25 -> impulse-channels-full | I11: =IF(COUNT('Data & Targets'!C25)=0,NA(),'Data & Targets'!C25) | J11: =IF(COUNT('Data & Targets'!J25)=0,NA(),'Data & Targets'!J25) | L11: ='Data & Targets'!B25 -> impulse-channels-full | M11: =IF(COUNT('Data & Targets'!D25)=0,NA(),'Data & Targets'!D25) | N11: =IF(COUNT('Data & Targets'!K25)=0,NA(),'Data & Targets'!K25)
H12: ='Data & Targets'!B26 -> impulse-delay-trace | I12: =IF(COUNT('Data & Targets'!C26)=0,NA(),'Data & Targets'!C26) | J12: =IF(COUNT('Data & Targets'!J26)=0,NA(),'Data & Targets'!J26) | L12: ='Data & Targets'!B26 -> impulse-delay-trace | M12: =IF(COUNT('Data & Targets'!D26)=0,NA(),'Data & Targets'!D26) | N12: =IF(COUNT('Data & Targets'!K26)=0,NA(),'Data & Targets'!K26)
H13: ='Data & Targets'!B27 -> impulse-delay-full | I13: =IF(COUNT('Data & Targets'!C27)=0,NA(),'Data & Targets'!C27) | J13: =IF(COUNT('Data & Targets'!J27)=0,NA(),'Data & Targets'!J27) | L13: ='Data & Targets'!B27 -> impulse-delay-full | M13: =IF(COUNT('Data & Targets'!D27)=0,NA(),'Data & Targets'!D27) | N13: =IF(COUNT('Data & Targets'!K27)=0,NA(),'Data & Targets'!K27)

Sheet Runs
A1: Case | B1: Repeat | C1: Quotable | D1: Frame p95 ms | E1: Age p95 ms | F1: FPS | G1: Duration s | H1: Rendered frames | I1: Accepted samples | J1: Live fraction | K1: Within budget | L1: Clipped fraction | M1: Commit | N1: Executable SHA256 | O1: Skipped notifications | P1: GPU | Q1: Framebuffer
A2: impulse-channels-full | B2: 1 | C2: True | D2: 9.111678 | E2: 40.583495 | F2: 119.61213 | G2: 59.985557 | H2: 7176 | I2: 15352 | J2: 1 | K2: 0.99930314 | L2: 0.046875 | M2: 3745369692fdd9908588316bac212f6e3b171183 | N2: fcbd203c249400fbffb203ae99bbe5b384666732f91b4d24c21f16e715cbe029 | O2: 0 | P2: AMD Radeon 890M Graphics (RADV STRIX1); Vulkan; radv; Mesa 26.0.8-1ubuntu0.3 | Q2: [2346, 1091]
A3: impulse-channels-full | B3: 2 | C3: True | D3: 9.171054 | E3: 40.445853 | F3: 119.62408 | G3: 59.98792 | H3: 7177 | I3: 15360 | J3: 1 | K3: 0.99916388 | L3: 0.046875 | M3: 3745369692fdd9908588316bac212f6e3b171183 | N3: fcbd203c249400fbffb203ae99bbe5b384666732f91b4d24c21f16e715cbe029 | O3: 0 | P3: AMD Radeon 890M Graphics (RADV STRIX1); Vulkan; radv; Mesa 26.0.8-1ubuntu0.3 | Q3: [2346, 1091]
A4: impulse-channels-full | B4: 3 | C4: True | D4: 9.613575 | E4: 40.729319 | F4: 119.44334 | G4: 59.986603 | H4: 7166 | I4: 15352 | J4: 1 | K4: 0.99902303 | L4: 0.046875 | M4: 3745369692fdd9908588316bac212f6e3b171183 | N4: fcbd203c249400fbffb203ae99bbe5b384666732f91b4d24c21f16e715cbe029 | O4: 0 | P4: AMD Radeon 890M Graphics (RADV STRIX1); Vulkan; radv; Mesa 26.0.8-1ubuntu0.3 | Q4: [2346, 1091]
A5: impulse-channels-trace | B5: 1 | C5: True | D5: 9.511492 | E5: 40.557292 | F5: 119.31093 | G5: 59.994506 | H5: 7159 | I5: 15360 | J5: 1 | K5: 0.99846326 | L5: 0.046875 | M5: 3745369692fdd9908588316bac212f6e3b171183 | N5: fcbd203c249400fbffb203ae99bbe5b384666732f91b4d24c21f16e715cbe029 | O5: 0 | P5: AMD Radeon 890M Graphics (RADV STRIX1); Vulkan; radv; Mesa 26.0.8-1ubuntu0.3 | Q5: [2346, 1091]
A6: impulse-channels-trace | B6: 2 | C6: True | D6: 9.359142 | E6: 40.473195 | F6: 119.58506 | G6: 59.990769 | H6: 7175 | I6: 15352 | J6: 1 | K6: 0.99916365 | L6: 0.046875 | M6: 3745369692fdd9908588316bac212f6e3b171183 | N6: fcbd203c249400fbffb203ae99bbe5b384666732f91b4d24c21f16e715cbe029 | O6: 0 | P6: AMD Radeon 890M Graphics (RADV STRIX1); Vulkan; radv; Mesa 26.0.8-1ubuntu0.3 | Q6: [2346, 1091]
A7: impulse-channels-trace | B7: 3 | C7: True | D7: 9.442679 | E7: 40.528498 | F7: 119.66376 | G7: 59.9931 | H7: 7180 | I7: 15360 | J7: 1 | K7: 0.99916423 | L7: 0.046875 | M7: 3745369692fdd9908588316bac212f6e3b171183 | N7: fcbd203c249400fbffb203ae99bbe5b384666732f91b4d24c21f16e715cbe029 | O7: 0 | P7: AMD Radeon 890M Graphics (RADV STRIX1); Vulkan; radv; Mesa 26.0.8-1ubuntu0.3 | Q7: [2346, 1091]
A8: impulse-delay-full | B8: 1 | C8: True | D8: 9.65344 | E8: 40.595608 | F8: 119.01519 | G8: 59.992341 | H8: 7141 | I8: 15360 | J8: 1 | K8: 0.99761905 | L8: 0.046870119 | M8: 3745369692fdd9908588316bac212f6e3b171183 | N8: fcbd203c249400fbffb203ae99bbe5b384666732f91b4d24c21f16e715cbe029 | O8: 0 | P8: AMD Radeon 890M Graphics (RADV STRIX1); Vulkan; radv; Mesa 26.0.8-1ubuntu0.3 | Q8: [2346, 1091]
A9: impulse-delay-full | B9: 2 | C9: True | D9: 9.556608 | E9: 40.596543 | F9: 119.47808 | G9: 59.985898 | H9: 7168 | I9: 15360 | J9: 1 | K9: 0.99888377 | L9: 0.046863598 | M9: 3745369692fdd9908588316bac212f6e3b171183 | N9: fcbd203c249400fbffb203ae99bbe5b384666732f91b4d24c21f16e715cbe029 | O9: 0 | P9: AMD Radeon 890M Graphics (RADV STRIX1); Vulkan; radv; Mesa 26.0.8-1ubuntu0.3 | Q9: [2346, 1091]
A10: impulse-delay-full | B10: 3 | C10: True | D10: 9.393866 | E10: 40.643692 | F10: 119.624 | G10: 59.996324 | H10: 7178 | I10: 15360 | J10: 1 | K10: 0.999164 | L10: 0.046871316 | M10: 3745369692fdd9908588316bac212f6e3b171183 | N10: fcbd203c249400fbffb203ae99bbe5b384666732f91b4d24c21f16e715cbe029 | O10: 0 | P10: AMD Radeon 890M Graphics (RADV STRIX1); Vulkan; radv; Mesa 26.0.8-1ubuntu0.3 | Q10: [2346, 1091]
A11: impulse-delay-trace | B11: 1 | C11: True | D11: 9.155174 | E11: 40.473582 | F11: 119.65585 | G11: 59.988707 | H11: 7179 | I11: 15352 | J11: 1 | K11: 0.99916411 | L11: 0.046868136 | M11: 3745369692fdd9908588316bac212f6e3b171183 | N11: fcbd203c249400fbffb203ae99bbe5b384666732f91b4d24c21f16e715cbe029 | O11: 0 | P11: AMD Radeon 890M Graphics (RADV STRIX1); Vulkan; radv; Mesa 26.0.8-1ubuntu0.3 | Q11: [2346, 1091]
A12: impulse-delay-trace | B12: 2 | C12: True | D12: 9.135516 | E12: 40.476072 | F12: 119.4227 | G12: 59.996969 | H12: 7166 | I12: 15360 | J12: 1 | K12: 0.9991626 | L12: 0.046881038 | M12: 3745369692fdd9908588316bac212f6e3b171183 | N12: fcbd203c249400fbffb203ae99bbe5b384666732f91b4d24c21f16e715cbe029 | O12: 0 | P12: AMD Radeon 890M Graphics (RADV STRIX1); Vulkan; radv; Mesa 26.0.8-1ubuntu0.3 | Q12: [2346, 1091]
A13: impulse-delay-trace | B13: 3 | C13: True | D13: 9.81065 | E13: 40.521056 | F13: 119.41216 | G13: 59.985514 | H13: 7164 | I13: 15352 | J13: 1 | K13: 0.99916236 | L13: 0.046856881 | M13: 3745369692fdd9908588316bac212f6e3b171183 | N13: fcbd203c249400fbffb203ae99bbe5b384666732f91b4d24c21f16e715cbe029 | O13: 0 | P13: AMD Radeon 890M Graphics (RADV STRIX1); Vulkan; radv; Mesa 26.0.8-1ubuntu0.3 | Q13: [2346, 1091]
... A37: rhythmic-delay-trace | B37: 3 | C37: True | D37: 9.251254 | E37: 40.464389 | F37: 119.64523 | G37: 59.994035 | H37: 7179 | I37: 15360 | J37: 1 | K37: 0.99930343 | L37: 0 | M37: 3745369692fdd9908588316bac212f6e3b171183 | N37: fcbd203c249400fbffb203ae99bbe5b384666732f91b4d24c21f16e715cbe029 | O37: 0 | P37: AMD Radeon 890M Graphics (RADV STRIX1); Vulkan; radv; Mesa 26.0.8-1ubuntu0.3 | Q37: [2346, 1091]
